first_name,last_name,email,gender,password,username
Karen,Allen,kallen0@upenn.edu,Female,a06oAR,kallen0
Louise,James,ljames1@bravesites.com,Female,aqw7Sf,ljames1
Michelle,Price,mprice2@mashable.com,Female,IYeSIZ,mprice2
Susan,Torres,storres3@cargocollective.com,Female,LxEOSyEem,storres3
Bobby,Ramirez,bramirez4@ocn.ne.jp,Male,kLdu6M,bramirez4
Joshua,Mendoza,jmendoza5@storify.com,Male,KPjco10r9Si,jmendoza5
Stephen,West,swest6@bloglovin.com,Male,OQCKmzHReq,swest6
Christina,Brown,cbrown7@huffingtonpost.com,Female,lqqjHtdtK,cbrown7
Bobby,Allen,ballen8@zdnet.com,Male,kX2nPJyAE,ballen8
Virginia,Bishop,vbishop9@who.int,Female,ViUBn2ZD1,vbishop9
Joe,Hamilton,jhamiltona@acquirethisname.com,Male,4ximFE,jhamiltona
Louis,Fields,lfieldsb@youtube.com,Male,XTAfUYspH70,lfieldsb
Joseph,Webb,jwebbc@disqus.com,Male,MfE4Dv,jwebbc
Kathleen,Grant,kgrantd@sun.com,Female,AEhIZnfjYPk,kgrantd
Scott,Thompson,sthompsone@springer.com,Male,NkrxfRo3t,sthompsone
Sarah,Bailey,sbaileyf@home.pl,Female,wtpO852mODq,sbaileyf
Nancy,Campbell,ncampbellg@sbwire.com,Female,mDkTONa,ncampbellg
Joe,Willis,jwillish@dion.ne.jp,Male,SDjuvFFFGCVg,jwillish
Carl,Bowman,cbowmani@baidu.com,Male,78kq8a,cbowmani
Melissa,Riley,mrileyj@umn.edu,Female,VqM0GLde7,mrileyj
Jessica,Dean,jdeank@sohu.com,Female,fiUWqmFwAQwP,jdeank
Barbara,Morgan,bmorganl@cocolog-nifty.com,Female,I5A8kTGrHeJ,bmorganl
Stephen,Butler,sbutlerm@hhs.gov,Male,0cqwJJUVB,sbutlerm
Sean,Campbell,scampbelln@harvard.edu,Male,H8VW0YtJW,scampbelln
Christina,Reynolds,creynoldso@360.cn,Female,QWAFOuRvq1z,creynoldso
Linda,Alvarez,lalvarezp@ibm.com,Female,uqnxZqN9W8d,lalvarezp
Sharon,Johnston,sjohnstonq@phoca.cz,Female,LPqH5gUaa,sjohnstonq
Robert,Hall,rhallr@diigo.com,Male,bqihVNlvvs,rhallr
Philip,Sullivan,psullivans@networkadvertising.org,Male,lnfxhSaq4TT,psullivans
Dennis,Marshall,dmarshallt@issuu.com,Male,yrfZmfXCuj7,dmarshallt
Lori,Nelson,lnelsonu@cafepress.com,Female,1fpDcfBCh,lnelsonu
Walter,Burke,wburkev@usatoday.com,Male,adI9NvLaky,wburkev
Marilyn,Hamilton,mhamiltonw@pinterest.com,Female,f9GVUoh5e,mhamiltonw
Julie,Elliott,jelliottx@feedburner.com,Female,Hlr2a41lglg,jelliottx
Brenda,Gonzalez,bgonzalezy@is.gd,Female,l9ygu7EAWuFg,bgonzalezy
Mark,Washington,mwashingtonz@angelfire.com,Male,Tb0Y9v,mwashingtonz
Eric,Green,egreen10@amazonaws.com,Male,tPVcKhJvBOq,egreen10
Jerry,Williamson,jwilliamson11@umich.edu,Male,0zs30peuD2G3,jwilliamson11
Diana,Richards,drichards12@symantec.com,Female,Ta9TPpAb,drichards12
Ann,Turner,aturner13@mysql.com,Female,upHCm9kE,aturner13
Helen,Ross,hross14@istockphoto.com,Female,8LepkI74kih,hross14
Aaron,Fernandez,afernandez15@hubpages.com,Male,MNc9CMc,afernandez15
Betty,Gomez,bgomez16@about.com,Female,qL2DaHL,bgomez16
Janice,Hunt,jhunt17@time.com,Female,hgZ98iYuJxaI,jhunt17
Amy,Scott,ascott18@technorati.com,Female,TI2VTIt,ascott18
Ann,Stanley,astanley19@cbsnews.com,Female,VN1al5hZR,astanley19
Bonnie,Kennedy,bkennedy1a@amazon.co.uk,Female,cLxA7owP,bkennedy1a
Antonio,Dixon,adixon1b@sogou.com,Male,Sa1vnBliDRKD,adixon1b
Henry,Wagner,hwagner1c@gizmodo.com,Male,6HhE4wlf0,hwagner1c
Thomas,Sullivan,tsullivan1d@moonfruit.com,Male,pC0COjBWja,tsullivan1d
Timothy,Coleman,tcoleman1e@rambler.ru,Male,zXwYBTUhak,tcoleman1e
Sandra,Stephens,sstephens1f@alexa.com,Female,nvy4Z1F,sstephens1f
Philip,Alvarez,palvarez1g@wikispaces.com,Male,bsBgKPbY2,palvarez1g
Paula,Turner,pturner1h@reuters.com,Female,UcQhJpHOj63J,pturner1h
Dennis,Ryan,dryan1i@cmu.edu,Male,p1ssrg22,dryan1i
Andrew,Powell,apowell1j@toplist.cz,Male,tdfcMXFL,apowell1j
Christine,Stanley,cstanley1k@so-net.ne.jp,Female,79szohcFwN,cstanley1k
Pamela,Reynolds,preynolds1l@webeden.co.uk,Female,nfDLAzlZMD,preynolds1l
Charles,Bishop,cbishop1m@google.com,Male,j3ddqa6D4lpt,cbishop1m
Susan,Green,sgreen1n@paypal.com,Female,qUWYgqhEyS,sgreen1n
Diane,Wood,dwood1o@webs.com,Female,l4mTMDcQN,dwood1o
Bobby,Taylor,btaylor1p@squarespace.com,Male,B80PrhKUbBD,btaylor1p
Sharon,Jordan,sjordan1q@uol.com.br,Female,rypsp0Ka,sjordan1q
Lois,Howell,lhowell1r@geocities.com,Female,IgOBlnpQH89,lhowell1r
Mildred,Hawkins,mhawkins1s@wordpress.org,Female,H3rpsbPmSqB,mhawkins1s
Steven,Graham,sgraham1t@bizjournals.com,Male,Edos1o3,sgraham1t
Deborah,Hill,dhill1u@nsw.gov.au,Female,OPL3ONL,dhill1u
Edward,Grant,egrant1v@imgur.com,Male,TfvRJygKbqxi,egrant1v
Dorothy,Rice,drice1w@nifty.com,Female,TT1IBV0dIxkS,drice1w
Gloria,Baker,gbaker1x@sina.com.cn,Female,kiczTQEo,gbaker1x
Harry,Powell,hpowell1y@redcross.org,Male,6r2FQWGMz7BQ,hpowell1y
Brenda,Allen,ballen1z@live.com,Female,0i66Me2t,ballen1z
Steven,Palmer,spalmer20@myspace.com,Male,HTsYGC,spalmer20
Benjamin,Mitchell,bmitchell21@earthlink.net,Male,YUjAjb,bmitchell21
Roger,Hunter,rhunter22@aol.com,Male,VMC3vBdf7R,rhunter22
Joyce,Richardson,jrichardson23@taobao.com,Female,DsDE8l,jrichardson23
Jessica,Stanley,jstanley24@craigslist.org,Female,V5hoeWjfo,jstanley24
Theresa,Freeman,tfreeman25@acquirethisname.com,Female,XTByqIaGjV0f,tfreeman25
Lawrence,Moore,lmoore26@dyndns.org,Male,EN4dqClu,lmoore26
Eugene,Greene,egreene27@liveinternet.ru,Male,ClJjre,egreene27
Joe,Hudson,jhudson28@people.com.cn,Male,TW5cptC,jhudson28
Lois,Lane,llane29@youtube.com,Female,YoYDSqLnMdAR,llane29
Angela,Mills,amills2a@imageshack.us,Female,1BHFDvslU,amills2a
Heather,Ford,hford2b@canalblog.com,Female,zP2sMlh,hford2b
Henry,Brown,hbrown2c@com.com,Male,ICuL8R,hbrown2c
Kelly,Larson,klarson2d@deliciousdays.com,Female,nWUK7qbJingi,klarson2d
Jessica,Perez,jperez2e@typepad.com,Female,2V60id,jperez2e
George,Freeman,gfreeman2f@squidoo.com,Male,bYR3PJZ,gfreeman2f
Gregory,Tucker,gtucker2g@oakley.com,Male,hngydMf4v46,gtucker2g
Sharon,Black,sblack2h@dailymotion.com,Female,E5Tx7WVgrRw,sblack2h
Kathryn,Mccoy,kmccoy2i@wikipedia.org,Female,pGWvvcZZ,kmccoy2i
Kimberly,Gomez,kgomez2j@vinaora.com,Female,bDg7bS9,kgomez2j
Dennis,Hawkins,dhawkins2k@nifty.com,Male,dAJUuGuAh,dhawkins2k
Matthew,Morgan,mmorgan2l@soundcloud.com,Male,NY88pRW2I,mmorgan2l
William,Brooks,wbrooks2m@printfriendly.com,Male,iBuxKA,wbrooks2m
Joyce,Palmer,jpalmer2n@ning.com,Female,YQRlPbC,jpalmer2n
Harry,Burns,hburns2o@eventbrite.com,Male,2AmqkpNhFS,hburns2o
Ashley,Hall,ahall2p@stumbleupon.com,Female,PKxnl3juhOuM,ahall2p
Rachel,Lynch,rlynch2q@vkontakte.ru,Female,uFBI9MX,rlynch2q
Roger,Watson,rwatson2r@scientificamerican.com,Male,oQsLFI5E,rwatson2r
Gregory,Stone,gstone2s@cpanel.net,Male,LVbzzIJyc,gstone2s
Judith,Stewart,jstewart2t@va.gov,Female,FQdpdXYBN3oE,jstewart2t
Angela,Robertson,arobertson2u@noaa.gov,Female,JGFRpOn4Kt5b,arobertson2u
Barbara,Rose,brose2v@mysql.com,Female,KswPaIQ5BQ,brose2v
Amanda,Rose,arose2w@arizona.edu,Female,F7tauTpv,arose2w
Jane,Perry,jperry2x@hatena.ne.jp,Female,E3yxPWs,jperry2x
Brenda,Anderson,banderson2y@abc.net.au,Female,n3dUvtR7kxSR,banderson2y
Amanda,Hicks,ahicks2z@google.pl,Female,GLYoxwIq1JPh,ahicks2z
Lisa,Cox,lcox30@wunderground.com,Female,kVriKj,lcox30
Paula,Spencer,pspencer31@dmoz.org,Female,MIh9VLFpDCl,pspencer31
Chris,Ruiz,cruiz32@edublogs.org,Male,D03DjX1,cruiz32
Wayne,Murphy,wmurphy33@washingtonpost.com,Male,UWot2WHxjO,wmurphy33
Jessica,Turner,jturner34@microsoft.com,Female,VWOq3wqIb,jturner34
Michelle,Flores,mflores35@freewebs.com,Female,UrbA5O0,mflores35
Janet,Howell,jhowell36@apple.com,Female,wQbJ4D,jhowell36
Judith,Ruiz,jruiz37@weather.com,Female,qMkjH3,jruiz37
Amy,Mendoza,amendoza38@cnn.com,Female,R9CzmfBjjHow,amendoza38
Mildred,Powell,mpowell39@so-net.ne.jp,Female,tO5qEmRfBiCG,mpowell39
Kimberly,Mccoy,kmccoy3a@weather.com,Female,smXneALhpTw,kmccoy3a
Michael,Bowman,mbowman3b@businessweek.com,Male,9tZWAvn,mbowman3b
Adam,Rose,arose3c@whitehouse.gov,Male,1Z2Vzj,arose3c
Nicholas,Hunt,nhunt3d@washington.edu,Male,fS9D4mfdsE,nhunt3d
Anne,Hansen,ahansen3e@hatena.ne.jp,Female,M5kqZi,ahansen3e
Christine,Berry,cberry3f@theatlantic.com,Female,lCjEs0iTm8yV,cberry3f
Lisa,Warren,lwarren3g@goo.gl,Female,UaeVTIjggm,lwarren3g
Joseph,Gonzalez,jgonzalez3h@storify.com,Male,SpKBX5jq,jgonzalez3h
Antonio,Chavez,achavez3i@icio.us,Male,4CrteNQ0uWB,achavez3i
Ernest,Franklin,efranklin3j@ning.com,Male,Mo3vlptgqg,efranklin3j
Jason,Collins,jcollins3k@discuz.net,Male,YQCuYzNnX,jcollins3k
Ryan,Wilson,rwilson3l@businessinsider.com,Male,NhgscYJ55,rwilson3l
Carl,Bailey,cbailey3m@tamu.edu,Male,xzOJUoVx,cbailey3m
Virginia,Matthews,vmatthews3n@cafepress.com,Female,BkPx42u,vmatthews3n
Judy,Palmer,jpalmer3o@linkedin.com,Female,z5ZQEFTZhUE,jpalmer3o
Tina,Tucker,ttucker3p@etsy.com,Female,yEsQuIsjZ,ttucker3p
Harold,Garrett,hgarrett3q@furl.net,Male,nQuA8Bf,hgarrett3q
Kathleen,Vasquez,kvasquez3r@themeforest.net,Female,nM138mcBoJ,kvasquez3r
Sandra,Bowman,sbowman3s@scribd.com,Female,DJ60No,sbowman3s
Cynthia,Pierce,cpierce3t@t-online.de,Female,WSzxJ5DOHAsU,cpierce3t
Annie,Lopez,alopez3u@usatoday.com,Female,xhJmSCStlM,alopez3u
Victor,Frazier,vfrazier3v@pbs.org,Male,WBcQAP4fCNi,vfrazier3v
Juan,Hunter,jhunter3w@homestead.com,Male,00ug3ii,jhunter3w
Douglas,Alvarez,dalvarez3x@google.com.au,Male,a9cKfoN,dalvarez3x
Jacqueline,Little,jlittle3y@flavors.me,Female,manICZmeUT,jlittle3y
Willie,Gonzalez,wgonzalez3z@elpais.com,Male,L3CSL12D,wgonzalez3z
Kevin,Stevens,kstevens40@foxnews.com,Male,txLEUl,kstevens40
George,Hughes,ghughes41@zimbio.com,Male,eRJsamzw4,ghughes41
Joan,Taylor,jtaylor42@a8.net,Female,z0vQsk,jtaylor42
Gloria,Burns,gburns43@tinyurl.com,Female,UkC0HVZoB4SK,gburns43
Earl,Alexander,ealexander44@yahoo.co.jp,Male,AsP3TwjeH,ealexander44
Mark,Peterson,mpeterson45@sun.com,Male,bSm06ggDc,mpeterson45
